{"cm2px":1.4233333333333,"focus":449.64871194379,"img_height":720,"img_width":1280}